Employee_ID,Age,Experience_Years,Monthly_Salary,Department,Job_Role,Work_Location,Performance_Rating,Promotion_Status
1,58.0,14,154677.0,Engineering,Manager,Office,Low,1
2,48.0,8,173273.0,Engineering,Consultant,Hybrid,Medium,0
3,34.0,9,59426.0,HR,Consultant,Hybrid,High,1
4,27.0,22,47778.0,Sales,Analyst,Remote,Low,1
5,40.0,11,72229.0,HR,Manager,Hybrid,High,1
6,,23,116652.0,Marketing,Consultant,Remote,High,1
7,38.0,1,158267.0,HR,Analyst,Remote,High,1
8,42.0,14,156503.0,HR,Manager,Office,Low,1
9,30.0,5,114878.0,Marketing,Engineer,Office,Medium,1
10,30.0,21,,Engineering,Manager,Office,Medium,1
11,43.0,26,188562.0,Engineering,Manager,Remote,Medium,1
12,55.0,14,49975.0,Engineering,Consultant,Hybrid,High,0
13,59.0,4,187795.0,Sales,Analyst,Office,Low,0
14,43.0,22,,Marketing,Analyst,Hybrid,High,0
15,,23,172633.0,Marketing,Consultant,Office,Medium,1
16,41.0,25,118397.0,HR,Manager,Office,Medium,1
17,21.0,1,63142.0,Sales,Engineer,Remote,Low,0
18,43.0,22,56916.0,Engineering,Manager,Office,High,1
19,49.0,23,94324.0,Sales,Manager,Office,Medium,0
20,57.0,19,155932.0,Marketing,Engineer,Remote,Low,1
21,21.0,8,165720.0,Marketing,Consultant,Hybrid,High,0
22,40.0,15,196205.0,HR,Analyst,Office,High,0
23,,21,,HR,Consultant,Remote,Medium,0
24,31.0,15,128317.0,Marketing,Consultant,Office,Medium,1
25,41.0,9,65046.0,Engineering,Manager,Remote,High,0
26,44.0,21,131459.0,Engineering,Analyst,Hybrid,High,1
27,46.0,9,75893.0,Sales,Analyst,Hybrid,Medium,1
28,47.0,10,131520.0,Marketing,Consultant,Remote,High,1
29,35.0,20,155818.0,Marketing,Engineer,Remote,Medium,1
30,34.0,25,91272.0,Engineering,Consultant,Remote,High,1
31,22.0,21,97649.0,Engineering,Engineer,Hybrid,Medium,1
32,,26,94674.0,Marketing,Analyst,Office,Low,1
33,26.0,9,174832.0,HR,Consultant,Hybrid,Medium,0
34,40.0,3,182999.0,Marketing,Manager,Remote,Medium,0
35,28.0,20,116475.0,Marketing,Consultant,Remote,Low,0
36,58.0,25,91367.0,Engineering,Analyst,Hybrid,High,1
37,37.0,26,173660.0,Engineering,Manager,Remote,Low,1
38,23.0,11,151750.0,HR,Manager,Hybrid,Medium,1
39,44.0,6,148154.0,HR,Engineer,Remote,High,1
40,33.0,2,74738.0,Sales,Manager,Office,Low,0
41,28.0,7,63397.0,Marketing,Manager,Office,High,1
42,45.0,18,112189.0,Engineering,Consultant,Remote,High,0
43,21.0,27,106367.0,HR,Analyst,Hybrid,Low,1
44,39.0,2,150585.0,Sales,Engineer,Office,High,0
45,47.0,27,,Sales,Consultant,Hybrid,Low,1
46,26.0,17,141453.0,Engineering,Manager,Remote,Medium,0
47,27.0,11,49816.0,Engineering,Manager,Hybrid,High,1
48,54.0,27,167348.0,Sales,Engineer,Office,Medium,0
49,33.0,12,109530.0,HR,Analyst,Hybrid,Medium,1
50,,27,184571.0,Sales,Engineer,Hybrid,High,0
51,55.0,19,138856.0,Marketing,Consultant,Remote,Low,0
52,59.0,22,101635.0,Marketing,Engineer,Remote,High,1
53,23.0,24,137803.0,Engineering,Manager,Remote,Medium,0
54,21.0,25,65946.0,HR,Consultant,Office,Medium,1
55,25.0,7,85204.0,HR,Manager,Office,Low,1
56,23.0,20,45563.0,Marketing,Analyst,Remote,High,1
57,48.0,6,122324.0,Sales,Manager,Remote,Medium,0
58,37.0,21,39847.0,Engineering,Manager,Office,Medium,0
59,45.0,24,56155.0,Sales,Engineer,Office,Medium,1
60,53.0,1,109671.0,Sales,Manager,Office,Low,1
61,29.0,17,,Sales,Consultant,Office,Medium,0
62,55.0,29,113310.0,HR,Consultant,Remote,Medium,0
63,33.0,11,179381.0,Marketing,Analyst,Office,High,0
64,50.0,22,161691.0,HR,Consultant,Remote,High,1
65,,26,,Marketing,Engineer,Hybrid,Medium,1
66,27.0,28,181409.0,Engineering,Analyst,Hybrid,Medium,1
67,33.0,18,111537.0,Engineering,Consultant,Office,High,1
68,42.0,21,121155.0,Sales,Engineer,Hybrid,Low,1
69,59.0,17,30281.0,Marketing,Consultant,Hybrid,Low,0
70,40.0,7,188492.0,Marketing,Consultant,Hybrid,Low,1
71,35.0,17,162130.0,Marketing,Manager,Office,Low,0
72,37.0,20,106260.0,Sales,Consultant,Office,Low,0
73,,9,189476.0,Sales,Consultant,Hybrid,Low,1
74,45.0,17,190928.0,Engineering,Engineer,Remote,Low,0
75,44.0,20,170272.0,HR,Engineer,Hybrid,Low,1
76,48.0,22,94178.0,Marketing,Manager,Office,High,0
77,34.0,22,63997.0,Marketing,Consultant,Office,Low,1
78,20.0,28,186683.0,HR,Manager,Office,Low,1
79,44.0,29,149273.0,Marketing,Consultant,Hybrid,Low,0
80,26.0,8,196129.0,Sales,Analyst,Remote,Medium,1
81,28.0,17,,Sales,Analyst,Office,High,0
82,43.0,7,156945.0,Marketing,Manager,Office,High,1
83,,1,75272.0,Sales,Manager,Hybrid,High,1
84,27.0,13,119393.0,Sales,Manager,Remote,Low,1
85,43.0,23,91212.0,Marketing,Engineer,Hybrid,Low,0
86,30.0,19,176470.0,Engineering,Engineer,Office,Medium,0
87,36.0,27,150030.0,HR,Engineer,Remote,High,1
88,27.0,24,,Sales,Manager,Remote,Low,0
89,54.0,19,167710.0,Engineering,Consultant,Office,High,1
90,54.0,29,36570.0,Sales,Analyst,Remote,Medium,0
91,52.0,17,98785.0,Sales,Manager,Remote,Medium,0
92,24.0,13,39110.0,HR,Engineer,Hybrid,Medium,1
93,58.0,29,109141.0,Sales,Engineer,Office,High,1
94,47.0,16,,HR,Manager,Office,Low,1
95,26.0,8,69062.0,HR,Manager,Office,Low,1
96,28.0,19,52911.0,HR,Engineer,Office,Medium,1
97,27.0,18,134061.0,Engineering,Consultant,Office,Low,0
98,31.0,1,62556.0,Marketing,Engineer,Remote,Medium,0
99,53.0,14,158335.0,Engineering,Engineer,Hybrid,High,1
100,52.0,19,31969.0,Marketing,Manager,Office,Medium,1
101,42.0,15,73753.0,Marketing,Consultant,Hybrid,High,1
102,43.0,18,165542.0,HR,Engineer,Hybrid,Medium,0
103,56.0,2,151863.0,Sales,Engineer,Remote,Low,1
104,54.0,22,40225.0,HR,Analyst,Office,Low,1
105,59.0,28,153008.0,Sales,Manager,Remote,Medium,0
106,41.0,17,184268.0,Marketing,Analyst,Office,Low,0
107,46.0,18,135823.0,HR,Analyst,Remote,Low,0
108,54.0,6,43669.0,Sales,Engineer,Hybrid,Low,0
109,20.0,19,198452.0,Engineering,Manager,Office,High,1
110,54.0,4,154398.0,Sales,Consultant,Hybrid,Low,0
111,56.0,1,140677.0,HR,Engineer,Hybrid,High,0
112,33.0,8,78320.0,Engineering,Consultant,Remote,Medium,1
113,22.0,29,,Sales,Consultant,Office,Low,1
114,20.0,23,155354.0,Sales,Manager,Hybrid,Low,1
115,,7,118009.0,Sales,Analyst,Remote,Low,0
116,45.0,3,58625.0,Sales,Manager,Office,Medium,1
117,33.0,10,54089.0,Sales,Consultant,Office,High,0
118,58.0,10,66487.0,Engineering,Engineer,Hybrid,High,0
119,46.0,19,140448.0,Marketing,Consultant,Office,Low,0
120,28.0,14,80138.0,Engineering,Engineer,Hybrid,Medium,1
121,34.0,2,198280.0,Engineering,Engineer,Office,Medium,0
122,34.0,28,84061.0,Engineering,Manager,Remote,Medium,1
123,45.0,1,191731.0,Marketing,Consultant,Hybrid,Medium,1
124,,23,131376.0,HR,Analyst,Hybrid,Medium,1
125,51.0,23,,Marketing,Consultant,Office,High,0
126,58.0,28,109134.0,Engineering,Consultant,Office,High,0
127,51.0,18,77055.0,Sales,Analyst,Hybrid,High,0
128,23.0,7,,Sales,Manager,Office,Low,1
129,49.0,29,188056.0,Engineering,Consultant,Remote,Medium,0
130,56.0,8,140169.0,Sales,Consultant,Office,Low,0
131,,1,38125.0,Engineering,Engineer,Remote,Medium,0
132,58.0,25,66059.0,Sales,Consultant,Remote,High,0
133,34.0,23,133409.0,Marketing,Analyst,Remote,Low,0
134,48.0,3,178159.0,HR,Engineer,Remote,High,1
135,55.0,24,35704.0,HR,Manager,Remote,Medium,1
136,,23,141279.0,Marketing,Engineer,Office,Medium,1
137,51.0,27,188280.0,Marketing,Analyst,Remote,Medium,1
138,26.0,29,148516.0,Engineering,Analyst,Office,High,0
139,41.0,8,186995.0,Engineering,Engineer,Remote,Medium,1
140,47.0,22,144044.0,Engineering,Manager,Hybrid,High,0
141,21.0,25,59165.0,Sales,Engineer,Remote,Low,1
142,,15,97203.0,Engineering,Manager,Hybrid,Medium,1
143,47.0,5,34114.0,Marketing,Engineer,Remote,Medium,1
144,47.0,3,66321.0,HR,Analyst,Remote,Medium,0
145,39.0,19,103297.0,Sales,Consultant,Remote,Low,0
146,49.0,1,126652.0,Engineering,Consultant,Hybrid,Medium,1
147,30.0,28,129304.0,Sales,Manager,Hybrid,High,0
148,47.0,15,186498.0,Sales,Manager,Remote,High,1
149,44.0,8,47772.0,Engineering,Manager,Office,Medium,1
150,58.0,2,133754.0,Sales,Analyst,Remote,Medium,1
151,52.0,3,33712.0,HR,Engineer,Hybrid,Low,0
152,20.0,24,,Marketing,Analyst,Remote,Low,1
153,46.0,14,145142.0,Marketing,Consultant,Hybrid,Low,1
154,32.0,24,,HR,Manager,Hybrid,Medium,1
155,22.0,14,81924.0,Sales,Engineer,Hybrid,Low,0
156,58.0,11,33726.0,Engineering,Consultant,Remote,Low,1
157,,16,119152.0,Sales,Consultant,Hybrid,High,0
158,27.0,4,57723.0,HR,Consultant,Hybrid,Low,1
159,46.0,20,,Sales,Analyst,Remote,High,0
160,28.0,5,130494.0,Marketing,Manager,Hybrid,High,1
161,56.0,22,170180.0,Sales,Consultant,Remote,Low,1
162,52.0,21,65643.0,HR,Manager,Hybrid,High,0
163,43.0,14,192396.0,Marketing,Analyst,Office,Medium,0
164,34.0,23,,Sales,Consultant,Office,Medium,1
165,51.0,16,169999.0,Sales,Analyst,Hybrid,Low,0
166,51.0,18,123680.0,Marketing,Analyst,Office,Medium,1
167,43.0,7,126546.0,Engineering,Manager,Remote,High,1
168,31.0,10,183515.0,Marketing,Consultant,Office,Medium,1
169,58.0,7,109973.0,Engineering,Analyst,Hybrid,Low,0
170,21.0,1,,HR,Consultant,Hybrid,Low,1
171,22.0,23,139834.0,HR,Manager,Remote,High,0
172,56.0,21,55537.0,Marketing,Analyst,Hybrid,Low,1
173,36.0,19,107576.0,Marketing,Manager,Remote,Medium,0
174,,16,137522.0,HR,Consultant,Office,Low,0
175,21.0,29,52612.0,Engineering,Consultant,Office,High,1
176,47.0,19,36471.0,HR,Manager,Remote,Low,0
177,42.0,4,196703.0,Marketing,Engineer,Remote,Medium,1
178,56.0,29,61348.0,HR,Analyst,Hybrid,High,1
179,51.0,28,31177.0,Marketing,Consultant,Office,Medium,1
180,52.0,18,165832.0,Marketing,Consultant,Remote,High,1
181,20.0,2,62779.0,HR,Analyst,Office,Low,1
182,38.0,1,51636.0,Engineering,Manager,Remote,High,0
183,21.0,15,111889.0,Sales,Manager,Office,High,1
184,45.0,5,83551.0,HR,Manager,Hybrid,Low,0
185,51.0,20,172628.0,Sales,Engineer,Office,Medium,0
186,25.0,11,188670.0,HR,Engineer,Office,Low,1
187,,10,172635.0,Sales,Consultant,Office,High,0
188,23.0,2,76819.0,Engineering,Manager,Office,Low,1
189,30.0,3,103770.0,Engineering,Analyst,Office,High,0
190,36.0,23,188038.0,HR,Consultant,Hybrid,Low,0
191,57.0,23,188059.0,Marketing,Analyst,Remote,Low,0
192,43.0,12,108714.0,Sales,Consultant,Office,Medium,1
193,24.0,20,54596.0,Marketing,Engineer,Hybrid,High,0
194,53.0,5,194246.0,Marketing,Consultant,Office,Medium,1
195,,5,94106.0,Marketing,Engineer,Office,High,0
196,41.0,6,89182.0,Engineering,Consultant,Remote,Low,0
197,30.0,9,117163.0,HR,Manager,Office,High,0
198,35.0,2,69310.0,HR,Analyst,Hybrid,Medium,0
199,52.0,21,86088.0,Engineering,Manager,Hybrid,Medium,1
200,28.0,12,158803.0,Engineering,Consultant,Remote,Medium,1
201,25.0,3,,HR,Consultant,Office,High,0
202,,20,66914.0,Marketing,Consultant,Hybrid,Medium,0
203,48.0,26,140350.0,Sales,Engineer,Office,Medium,1
204,22.0,22,75379.0,Sales,Analyst,Office,Medium,1
205,39.0,12,198722.0,Sales,Analyst,Office,Low,1
206,55.0,24,76413.0,Marketing,Consultant,Remote,Low,1
207,38.0,17,167084.0,HR,Consultant,Office,High,0
208,45.0,10,37151.0,Engineering,Engineer,Hybrid,High,0
209,22.0,24,87716.0,HR,Manager,Office,Medium,1
210,38.0,27,123747.0,Marketing,Manager,Hybrid,Low,1
211,39.0,14,197450.0,Engineering,Analyst,Office,Medium,1
212,51.0,23,174539.0,Marketing,Engineer,Hybrid,Medium,1
213,26.0,17,,Sales,Consultant,Hybrid,Low,1
214,52.0,18,151999.0,Sales,Analyst,Office,Low,1
215,59.0,19,144793.0,Marketing,Engineer,Office,Low,0
216,58.0,17,138177.0,Engineering,Manager,Hybrid,High,0
217,37.0,14,,Engineering,Engineer,Remote,High,0
218,59.0,9,184243.0,HR,Manager,Office,Medium,1
219,20.0,8,116365.0,Sales,Engineer,Remote,High,1
220,30.0,2,144014.0,HR,Analyst,Office,Low,1
221,47.0,13,,HR,Manager,Office,Low,0
222,44.0,25,102588.0,Marketing,Analyst,Office,High,1
223,42.0,7,,Marketing,Analyst,Office,Medium,1
224,50.0,9,33654.0,HR,Manager,Remote,Medium,0
225,49.0,22,48743.0,Sales,Manager,Office,High,1
226,54.0,22,78368.0,Marketing,Consultant,Hybrid,Medium,0
227,26.0,11,167513.0,HR,Consultant,Hybrid,Medium,0
228,35.0,14,149735.0,HR,Consultant,Remote,Medium,1
229,45.0,4,185683.0,HR,Analyst,Office,Low,0
230,,26,149891.0,HR,Analyst,Hybrid,Low,1
231,20.0,26,137971.0,HR,Consultant,Remote,High,0
232,31.0,29,42149.0,HR,Analyst,Office,Low,1
233,24.0,13,130102.0,Marketing,Analyst,Hybrid,Medium,0
234,56.0,2,89189.0,Sales,Manager,Hybrid,Low,1
235,51.0,23,182747.0,HR,Manager,Remote,High,0
236,28.0,5,101031.0,Engineering,Analyst,Office,Low,0
237,54.0,11,72668.0,Marketing,Consultant,Office,Medium,0
238,38.0,6,174745.0,Marketing,Engineer,Hybrid,Medium,1
239,35.0,18,118204.0,HR,Consultant,Hybrid,High,1
240,,21,184741.0,Marketing,Engineer,Hybrid,Low,0
241,39.0,10,195140.0,HR,Consultant,Office,Low,1
242,43.0,4,170507.0,Sales,Manager,Remote,Low,0
243,52.0,9,67384.0,Sales,Analyst,Remote,Medium,1
244,43.0,6,111929.0,Marketing,Analyst,Office,High,0
245,30.0,2,157959.0,Marketing,Manager,Remote,Low,1
246,27.0,17,106153.0,Engineering,Engineer,Hybrid,Medium,0
247,55.0,5,105388.0,Marketing,Engineer,Remote,Medium,0
248,57.0,25,61401.0,Engineering,Engineer,Remote,Medium,0
249,59.0,6,149503.0,Sales,Manager,Remote,Low,0
250,39.0,26,,Sales,Engineer,Hybrid,Low,1
251,54.0,12,64084.0,HR,Manager,Office,Low,0
252,44.0,23,,Sales,Consultant,Hybrid,Low,1
253,54.0,21,135111.0,Engineering,Consultant,Office,Low,1
254,44.0,10,197523.0,Marketing,Manager,Office,Low,0
255,48.0,22,168299.0,HR,Analyst,Office,Low,1
256,37.0,21,192982.0,Engineering,Consultant,Remote,Low,1
257,37.0,27,66041.0,Marketing,Engineer,Remote,Low,1
258,21.0,25,118920.0,HR,Manager,Office,Medium,0
259,54.0,6,95681.0,Sales,Engineer,Office,Low,1
260,35.0,27,111571.0,Engineering,Engineer,Remote,High,1
261,,8,157556.0,Marketing,Analyst,Hybrid,Medium,0
262,52.0,2,56160.0,HR,Engineer,Office,Low,0
263,,12,47633.0,HR,Analyst,Hybrid,High,1
264,52.0,13,47014.0,Sales,Consultant,Remote,Low,0
265,33.0,25,110532.0,Marketing,Manager,Office,High,1
266,40.0,21,,Sales,Engineer,Hybrid,High,1
267,39.0,7,107231.0,Sales,Manager,Hybrid,High,1
268,27.0,10,98388.0,Marketing,Engineer,Hybrid,High,0
269,26.0,13,46014.0,Marketing,Manager,Remote,Medium,1
270,22.0,17,122578.0,Marketing,Engineer,Remote,Medium,0
271,36.0,26,194827.0,Engineering,Engineer,Hybrid,High,0
272,52.0,21,70390.0,Marketing,Engineer,Hybrid,Low,1
273,31.0,28,53711.0,HR,Engineer,Remote,High,0
274,41.0,26,121658.0,Sales,Engineer,Hybrid,Medium,0
275,41.0,14,87993.0,Engineering,Engineer,Hybrid,Low,0
276,49.0,2,188285.0,Marketing,Engineer,Remote,Medium,0
277,57.0,28,37421.0,Engineering,Engineer,Hybrid,Medium,0
278,57.0,22,47727.0,Marketing,Engineer,Hybrid,Low,1
279,27.0,11,142418.0,Engineering,Manager,Hybrid,High,0
280,46.0,1,34358.0,Sales,Analyst,Remote,High,1
281,46.0,19,95108.0,Sales,Engineer,Hybrid,High,1
282,53.0,21,124018.0,HR,Analyst,Remote,High,1
283,40.0,4,154457.0,HR,Engineer,Remote,Low,1
284,49.0,19,193189.0,Marketing,Engineer,Office,Low,1
285,52.0,26,61910.0,Sales,Manager,Office,Low,1
286,47.0,29,156888.0,Engineering,Consultant,Hybrid,Medium,0
287,,21,85754.0,Engineering,Consultant,Remote,Low,0
288,24.0,11,139847.0,Engineering,Manager,Office,High,0
289,38.0,8,190443.0,HR,Analyst,Hybrid,Medium,1
290,23.0,11,,Engineering,Consultant,Office,High,0
291,54.0,4,178697.0,HR,Manager,Office,High,0
292,36.0,17,63893.0,HR,Manager,Remote,Low,0
293,47.0,27,106329.0,Marketing,Consultant,Remote,Low,1
294,49.0,7,,Engineering,Analyst,Office,High,0
295,48.0,8,84253.0,Engineering,Manager,Office,High,1
296,25.0,3,,Sales,Engineer,Remote,Medium,0
297,54.0,22,141335.0,Marketing,Analyst,Hybrid,Low,1
298,56.0,2,142356.0,Sales,Analyst,Remote,Medium,1
299,43.0,23,140944.0,Marketing,Consultant,Office,Medium,1
300,48.0,15,175282.0,Engineering,Consultant,Hybrid,Medium,0
301,50.0,24,46456.0,HR,Engineer,Office,High,0
302,,22,61367.0,HR,Manager,Hybrid,Medium,1
303,,22,84624.0,HR,Consultant,Office,Medium,0
304,40.0,5,171178.0,HR,Consultant,Hybrid,High,1
305,51.0,24,98008.0,HR,Analyst,Hybrid,Low,1
306,42.0,1,155926.0,Sales,Consultant,Office,Low,0
307,52.0,26,145395.0,Marketing,Consultant,Hybrid,Medium,0
308,,4,146492.0,Engineering,Consultant,Remote,High,0
309,37.0,15,,Sales,Consultant,Office,Low,1
310,44.0,20,94315.0,Marketing,Analyst,Remote,Medium,1
311,50.0,19,40756.0,HR,Engineer,Office,Medium,0
312,22.0,3,,Marketing,Engineer,Hybrid,High,1
313,,20,165327.0,Marketing,Manager,Hybrid,Medium,0
314,43.0,11,,HR,Consultant,Hybrid,Low,1
315,51.0,17,155703.0,HR,Analyst,Office,High,0
316,41.0,27,,HR,Manager,Remote,Low,0
317,42.0,13,195575.0,Engineering,Manager,Remote,Low,1
318,21.0,11,,HR,Engineer,Office,Low,0
319,46.0,2,75113.0,Engineering,Analyst,Office,Medium,0
320,21.0,9,104069.0,HR,Analyst,Remote,Medium,1
321,45.0,26,166321.0,Engineering,Analyst,Remote,Low,0
322,36.0,2,180273.0,Marketing,Engineer,Remote,Low,1
323,59.0,21,155541.0,Sales,Engineer,Remote,High,0
324,,9,39686.0,Marketing,Engineer,Office,High,1
325,28.0,9,83363.0,Marketing,Engineer,Office,Medium,0
326,58.0,8,127543.0,HR,Engineer,Hybrid,Medium,0
327,48.0,17,,Engineering,Consultant,Remote,High,0
328,45.0,1,125673.0,Sales,Consultant,Hybrid,Low,0
329,54.0,25,72828.0,HR,Analyst,Office,Medium,1
330,44.0,29,78604.0,HR,Manager,Office,Low,1
331,43.0,11,40526.0,HR,Analyst,Hybrid,High,1
332,32.0,8,98910.0,Marketing,Manager,Remote,Medium,1
333,26.0,10,55592.0,Engineering,Engineer,Remote,Medium,1
334,55.0,25,58982.0,Engineering,Manager,Remote,High,1
335,39.0,7,30207.0,Sales,Analyst,Remote,Medium,1
336,20.0,3,118733.0,Engineering,Analyst,Hybrid,High,0
337,27.0,3,154982.0,Engineering,Manager,Hybrid,Medium,0
338,35.0,18,98619.0,HR,Consultant,Office,High,0
339,33.0,5,190400.0,HR,Engineer,Remote,Medium,0
340,31.0,12,76479.0,Marketing,Engineer,Remote,Low,1
341,42.0,12,181175.0,HR,Analyst,Remote,Low,1
342,34.0,19,171826.0,HR,Consultant,Hybrid,Low,1
343,47.0,6,111437.0,HR,Manager,Remote,Medium,0
344,53.0,2,128540.0,HR,Engineer,Hybrid,Medium,1
345,21.0,12,,Marketing,Consultant,Remote,Low,0
346,51.0,19,132747.0,HR,Engineer,Remote,Low,1
347,42.0,5,78231.0,Sales,Consultant,Office,High,1
348,41.0,12,59301.0,Sales,Consultant,Remote,High,1
349,44.0,27,,Sales,Analyst,Remote,High,1
350,,27,128452.0,Sales,Engineer,Office,Low,0
351,,17,174467.0,HR,Manager,Hybrid,Low,0
352,25.0,29,151237.0,Sales,Analyst,Hybrid,Low,1
353,34.0,17,,HR,Analyst,Remote,High,0
354,56.0,10,121878.0,Marketing,Manager,Hybrid,Medium,1
355,52.0,25,34895.0,Sales,Analyst,Remote,Low,1
356,27.0,23,149968.0,Engineering,Consultant,Office,Medium,1
357,24.0,17,145700.0,Sales,Consultant,Office,Medium,1
358,58.0,15,,Sales,Engineer,Remote,Medium,0
359,23.0,12,40699.0,HR,Engineer,Office,High,1
360,,16,39715.0,Sales,Manager,Office,Medium,1
361,,24,49169.0,Engineering,Engineer,Remote,Low,0
362,49.0,19,148413.0,HR,Consultant,Remote,High,1
363,54.0,8,177235.0,HR,Manager,Office,Low,0
364,59.0,21,149264.0,Marketing,Manager,Hybrid,Low,1
365,35.0,17,35782.0,Marketing,Engineer,Hybrid,High,1
366,32.0,23,154481.0,Sales,Consultant,Remote,Low,1
367,49.0,5,65585.0,Marketing,Manager,Remote,Low,1
368,38.0,22,60682.0,Marketing,Consultant,Hybrid,High,1
369,36.0,16,159992.0,Marketing,Consultant,Office,Low,1
370,38.0,6,,HR,Consultant,Hybrid,Medium,0
371,47.0,8,157810.0,HR,Engineer,Hybrid,Low,1
372,45.0,25,68067.0,HR,Analyst,Hybrid,Medium,0
373,56.0,18,48073.0,Marketing,Analyst,Hybrid,Low,0
374,45.0,25,66035.0,HR,Manager,Remote,High,1
375,42.0,12,120373.0,Marketing,Consultant,Remote,High,0
376,28.0,15,113362.0,HR,Engineer,Office,Low,1
377,31.0,27,120517.0,HR,Consultant,Office,High,0
378,20.0,26,95450.0,Engineering,Consultant,Office,Low,1
379,20.0,9,40382.0,Sales,Engineer,Office,High,0
380,53.0,13,165509.0,Marketing,Analyst,Hybrid,Medium,0
381,51.0,26,91929.0,Engineering,Consultant,Remote,Low,1
382,44.0,15,128864.0,HR,Consultant,Remote,Medium,0
383,59.0,10,173401.0,Marketing,Analyst,Office,Medium,1
384,20.0,16,55169.0,HR,Engineer,Office,Low,1
385,,7,,Sales,Manager,Hybrid,Medium,1
386,,17,64594.0,Engineering,Analyst,Hybrid,Low,1
387,24.0,23,75033.0,Sales,Manager,Office,Medium,1
388,41.0,26,93133.0,Engineering,Manager,Remote,Low,0
389,48.0,21,103861.0,HR,Analyst,Remote,Low,0
390,22.0,22,61750.0,Sales,Consultant,Remote,High,0
391,31.0,26,70461.0,Sales,Manager,Office,Low,1
392,45.0,7,108222.0,HR,Manager,Remote,Low,0
393,35.0,14,142020.0,Sales,Engineer,Hybrid,Medium,0
394,56.0,15,54226.0,Marketing,Consultant,Hybrid,Low,0
395,41.0,21,36721.0,Engineering,Manager,Office,High,0
396,48.0,7,50609.0,Engineering,Engineer,Hybrid,Medium,0
397,33.0,9,160513.0,Engineering,Consultant,Office,Medium,1
398,,19,134211.0,Marketing,Analyst,Remote,High,1
399,24.0,16,,Engineering,Analyst,Remote,Medium,0
400,49.0,8,154865.0,HR,Engineer,Remote,Medium,1
401,24.0,18,104520.0,Sales,Analyst,Hybrid,Medium,1
402,31.0,27,94309.0,Marketing,Manager,Office,Medium,0
403,35.0,23,59984.0,Engineering,Consultant,Remote,High,0
404,,29,148947.0,HR,Manager,Office,High,1
405,45.0,18,35901.0,Sales,Manager,Remote,Medium,0
406,,20,192624.0,Sales,Analyst,Hybrid,Medium,1
407,58.0,7,61055.0,Marketing,Manager,Hybrid,High,1
408,,3,198757.0,Marketing,Analyst,Office,High,0
409,52.0,18,175788.0,Marketing,Consultant,Hybrid,High,1
410,49.0,27,144099.0,HR,Consultant,Hybrid,Medium,1
411,56.0,10,41138.0,HR,Manager,Office,Medium,1
412,42.0,7,196370.0,Marketing,Engineer,Remote,Low,0
413,,17,53429.0,Engineering,Analyst,Hybrid,High,0
414,24.0,14,80200.0,Sales,Analyst,Office,Medium,0
415,55.0,24,131268.0,Sales,Manager,Hybrid,High,0
416,53.0,3,47347.0,HR,Analyst,Hybrid,Medium,1
417,50.0,12,177992.0,Sales,Analyst,Hybrid,High,0
418,,28,61822.0,Engineering,Engineer,Hybrid,Medium,0
419,38.0,13,70108.0,Sales,Engineer,Office,Low,0
420,51.0,2,158955.0,HR,Manager,Office,Low,0
421,20.0,3,37967.0,HR,Engineer,Office,High,1
422,24.0,5,140719.0,Engineering,Manager,Hybrid,Medium,1
423,23.0,11,41871.0,Engineering,Consultant,Hybrid,Medium,1
424,35.0,8,194685.0,Sales,Manager,Hybrid,High,0
425,43.0,26,58179.0,Sales,Consultant,Office,Medium,0
426,35.0,23,85099.0,HR,Manager,Hybrid,High,1
427,21.0,23,,Engineering,Analyst,Remote,Medium,0
428,47.0,12,108213.0,Engineering,Engineer,Hybrid,High,0
429,51.0,7,147407.0,Engineering,Consultant,Remote,Medium,1
430,46.0,15,179340.0,Sales,Manager,Hybrid,High,1
431,39.0,24,116269.0,Engineering,Engineer,Office,Medium,0
432,43.0,17,90545.0,HR,Manager,Hybrid,Low,0
433,31.0,4,69922.0,HR,Engineer,Remote,Medium,0
434,54.0,29,72913.0,Sales,Engineer,Remote,High,1
435,52.0,22,,Marketing,Manager,Hybrid,Low,1
436,52.0,25,134792.0,Sales,Consultant,Remote,Medium,1
437,56.0,13,149863.0,Marketing,Consultant,Remote,Low,1
438,31.0,18,,Engineering,Analyst,Office,Medium,0
439,22.0,1,198918.0,Sales,Engineer,Hybrid,Low,1
440,20.0,16,74936.0,HR,Analyst,Hybrid,High,1
441,52.0,13,190866.0,Engineering,Analyst,Hybrid,Medium,0
442,,10,58141.0,HR,Manager,Remote,Medium,0
443,29.0,12,170146.0,Engineering,Manager,Hybrid,High,0
444,48.0,2,167478.0,Sales,Manager,Hybrid,Low,1
445,32.0,23,127359.0,Marketing,Engineer,Office,High,0
446,31.0,3,153279.0,Engineering,Manager,Office,High,0
447,50.0,10,184363.0,Marketing,Manager,Office,Low,1
448,21.0,2,,Engineering,Engineer,Remote,High,1
449,,27,127539.0,HR,Engineer,Hybrid,Medium,0
450,,23,76851.0,HR,Consultant,Office,Medium,1
451,,13,84823.0,Engineering,Manager,Office,Medium,0
452,45.0,13,53312.0,Marketing,Manager,Office,High,0
453,27.0,18,195243.0,Sales,Manager,Hybrid,Medium,1
454,48.0,3,128723.0,Sales,Consultant,Hybrid,Medium,0
455,45.0,27,42411.0,HR,Manager,Hybrid,Medium,1
456,29.0,7,87009.0,Sales,Consultant,Remote,Medium,1
457,45.0,14,176494.0,HR,Analyst,Remote,Medium,1
458,,20,62371.0,Sales,Consultant,Office,Medium,0
459,26.0,29,87022.0,Engineering,Analyst,Hybrid,High,1
460,23.0,17,101229.0,HR,Manager,Office,Medium,1
461,30.0,29,129071.0,HR,Analyst,Hybrid,Medium,0
462,48.0,21,126774.0,Engineering,Consultant,Hybrid,Low,0
463,55.0,12,56715.0,HR,Engineer,Hybrid,High,0
464,44.0,25,57605.0,Sales,Analyst,Remote,High,0
465,40.0,16,129853.0,Sales,Analyst,Remote,High,1
466,55.0,24,61174.0,HR,Manager,Hybrid,High,1
467,29.0,12,171028.0,Sales,Consultant,Office,Medium,1
468,56.0,15,106373.0,Marketing,Analyst,Hybrid,Medium,0
469,28.0,25,99252.0,HR,Analyst,Hybrid,Low,0
470,43.0,10,100017.0,Engineering,Analyst,Office,Low,1
471,54.0,25,93037.0,Marketing,Analyst,Hybrid,High,0
472,54.0,7,119818.0,HR,Engineer,Office,Low,0
473,55.0,20,36548.0,Engineering,Consultant,Remote,Low,1
474,37.0,5,146981.0,Sales,Manager,Remote,High,1
475,58.0,1,,Engineering,Manager,Office,High,0
476,51.0,17,54022.0,Marketing,Engineer,Remote,Low,0
477,43.0,3,136297.0,Sales,Consultant,Remote,Medium,0
478,42.0,13,166614.0,HR,Analyst,Office,Low,1
479,51.0,14,90428.0,Sales,Engineer,Remote,Low,1
480,56.0,24,183812.0,HR,Consultant,Hybrid,Medium,1
481,31.0,18,89353.0,HR,Analyst,Hybrid,Medium,1
482,32.0,4,143132.0,Engineering,Engineer,Office,High,1
483,42.0,18,46052.0,Engineering,Consultant,Remote,High,0
484,44.0,5,130689.0,Engineering,Manager,Hybrid,Low,0
485,54.0,25,161743.0,Marketing,Manager,Hybrid,Medium,0
486,49.0,16,30163.0,Marketing,Consultant,Remote,High,1
487,36.0,1,71424.0,Engineering,Manager,Remote,Low,1
488,,21,171706.0,Marketing,Consultant,Hybrid,Medium,1
489,44.0,14,165870.0,Sales,Analyst,Hybrid,Low,0
490,41.0,15,52420.0,Sales,Consultant,Office,High,1
491,32.0,9,150575.0,Marketing,Analyst,Office,High,1
492,,15,59300.0,Marketing,Engineer,Hybrid,Medium,0
493,55.0,17,,Sales,Consultant,Office,Low,1
494,31.0,25,40749.0,HR,Engineer,Hybrid,Medium,0
495,,24,134131.0,Sales,Manager,Hybrid,High,1
496,31.0,4,186193.0,Sales,Analyst,Office,High,1
497,28.0,12,158563.0,Marketing,Consultant,Office,Low,0
498,,27,67487.0,Sales,Engineer,Remote,Low,0
499,47.0,26,194433.0,Marketing,Analyst,Remote,Low,0
500,33.0,5,51223.0,Marketing,Analyst,Remote,Medium,0
501,50.0,29,102930.0,Engineering,Manager,Hybrid,Low,0
502,38.0,5,175128.0,Sales,Manager,Office,Low,0
503,35.0,11,58380.0,HR,Analyst,Hybrid,High,1
504,24.0,28,,Engineering,Analyst,Office,High,1
505,54.0,6,,Marketing,Consultant,Hybrid,Low,0
506,31.0,7,180949.0,Marketing,Analyst,Remote,Low,1
507,44.0,24,147360.0,HR,Consultant,Remote,High,0
508,40.0,14,,Marketing,Analyst,Remote,Low,1
509,55.0,24,191983.0,Sales,Manager,Hybrid,Medium,0
510,42.0,11,193856.0,Engineering,Consultant,Office,Medium,1
511,35.0,13,33191.0,Marketing,Engineer,Office,Medium,1
512,58.0,2,194232.0,Marketing,Manager,Remote,Low,1
513,58.0,25,120536.0,HR,Consultant,Remote,High,1
514,33.0,7,134576.0,Sales,Consultant,Remote,Low,1
515,50.0,20,33631.0,Marketing,Engineer,Remote,Low,0
516,24.0,4,167244.0,HR,Consultant,Office,High,0
517,54.0,27,,Marketing,Analyst,Hybrid,High,0
518,42.0,8,120353.0,HR,Engineer,Hybrid,High,1
519,48.0,20,181353.0,HR,Manager,Hybrid,Medium,0
520,30.0,29,58671.0,Sales,Manager,Hybrid,Low,1
521,37.0,22,152811.0,Marketing,Analyst,Remote,High,1
522,31.0,21,157734.0,Sales,Manager,Remote,Low,1
523,28.0,19,189674.0,HR,Consultant,Remote,Medium,0
524,29.0,13,81399.0,Engineering,Consultant,Hybrid,Medium,1
525,36.0,14,184544.0,Marketing,Analyst,Remote,High,0
526,57.0,10,37099.0,Engineering,Manager,Remote,High,0
527,,11,186503.0,Marketing,Manager,Office,Low,1
528,32.0,2,86492.0,Sales,Analyst,Office,High,1
529,59.0,25,126722.0,Sales,Engineer,Remote,Low,0
530,28.0,26,60111.0,Sales,Manager,Office,High,0
531,,9,93936.0,Sales,Engineer,Office,Low,0
532,21.0,17,183686.0,Sales,Manager,Remote,Low,0
533,24.0,26,90920.0,Engineering,Manager,Remote,Low,0
534,48.0,3,93530.0,Sales,Manager,Remote,Low,0
535,56.0,24,197296.0,HR,Manager,Remote,Medium,1
536,57.0,6,37788.0,HR,Consultant,Hybrid,Low,0
537,38.0,5,58082.0,Engineering,Engineer,Hybrid,High,0
538,,5,153287.0,Marketing,Engineer,Remote,Medium,0
539,20.0,22,119570.0,HR,Manager,Office,Medium,0
540,41.0,15,131015.0,Marketing,Manager,Remote,Low,1
541,36.0,23,113588.0,Engineering,Engineer,Remote,Medium,1
542,26.0,17,177603.0,Marketing,Consultant,Office,Low,0
543,44.0,9,118340.0,Marketing,Analyst,Hybrid,High,0
544,23.0,3,,Marketing,Analyst,Remote,Low,0
545,55.0,20,171214.0,Marketing,Engineer,Remote,Medium,1
546,25.0,26,145053.0,Engineering,Manager,Hybrid,High,1
547,50.0,17,78355.0,HR,Manager,Hybrid,Low,1
548,38.0,29,170938.0,Sales,Consultant,Office,High,1
549,58.0,27,155426.0,Marketing,Analyst,Hybrid,High,1
550,46.0,10,94027.0,HR,Consultant,Hybrid,Medium,1
551,29.0,3,189210.0,HR,Analyst,Hybrid,High,0
552,45.0,18,122601.0,Engineering,Engineer,Office,Medium,1
553,38.0,18,,HR,Analyst,Hybrid,High,1
554,58.0,17,134797.0,Engineering,Consultant,Hybrid,Low,0
555,22.0,24,154917.0,Marketing,Consultant,Office,High,1
556,32.0,3,156303.0,Marketing,Consultant,Hybrid,Low,0
557,47.0,3,166511.0,Sales,Engineer,Hybrid,Low,1
558,39.0,6,72533.0,Sales,Analyst,Office,High,0
559,47.0,13,189342.0,Sales,Analyst,Remote,Low,0
560,27.0,24,108815.0,HR,Consultant,Office,High,0
561,58.0,29,69279.0,Marketing,Analyst,Hybrid,High,0
562,20.0,15,139787.0,Engineering,Manager,Hybrid,Low,0
563,22.0,25,184960.0,Sales,Manager,Hybrid,Low,1
564,,9,178702.0,Engineering,Manager,Office,Medium,1
565,47.0,4,91063.0,Engineering,Analyst,Hybrid,Low,0
566,44.0,14,157896.0,Sales,Engineer,Hybrid,Medium,0
567,52.0,5,196216.0,Marketing,Engineer,Office,Low,0
568,57.0,2,127661.0,Sales,Engineer,Remote,High,1
569,25.0,11,168051.0,Engineering,Engineer,Remote,Low,0
570,51.0,9,187261.0,Sales,Manager,Hybrid,High,0
571,,24,153257.0,Engineering,Manager,Office,High,0
572,35.0,3,116205.0,Engineering,Consultant,Hybrid,High,0
573,40.0,27,36910.0,Sales,Analyst,Office,Medium,1
574,30.0,28,76857.0,HR,Analyst,Office,Low,0
575,,29,64964.0,Sales,Engineer,Remote,High,0
576,55.0,9,186299.0,HR,Manager,Remote,High,1
577,54.0,3,167050.0,Engineering,Engineer,Office,Medium,0
578,38.0,25,47153.0,Engineering,Consultant,Hybrid,Low,0
579,39.0,2,89765.0,HR,Analyst,Remote,Low,1
580,37.0,12,138212.0,Engineering,Analyst,Hybrid,Medium,1
581,33.0,10,69071.0,HR,Engineer,Remote,Medium,1
582,34.0,9,,HR,Consultant,Remote,Low,0
583,50.0,15,99519.0,Engineering,Analyst,Hybrid,Medium,0
584,20.0,8,39503.0,Marketing,Consultant,Remote,Low,1
585,22.0,25,125457.0,HR,Consultant,Remote,Low,1
586,35.0,5,177977.0,Sales,Engineer,Hybrid,High,1
587,42.0,11,75838.0,Sales,Manager,Remote,High,0
588,30.0,27,,Engineering,Engineer,Remote,Low,0
589,31.0,2,,Marketing,Manager,Remote,Low,1
590,29.0,24,,Engineering,Consultant,Hybrid,Low,0
591,,28,183240.0,Marketing,Manager,Office,Low,1
592,35.0,15,100119.0,HR,Consultant,Hybrid,Low,0
593,27.0,6,68714.0,HR,Analyst,Office,Low,0
594,57.0,8,85419.0,HR,Analyst,Remote,Medium,0
595,31.0,27,135432.0,HR,Analyst,Office,Low,0
596,43.0,5,122949.0,Sales,Engineer,Hybrid,Medium,1
597,47.0,16,163533.0,Sales,Engineer,Hybrid,Medium,0
598,27.0,26,175363.0,Engineering,Consultant,Remote,Low,0
599,47.0,18,106971.0,Marketing,Analyst,Office,Low,1
600,55.0,6,,HR,Engineer,Remote,Medium,0
601,45.0,5,94946.0,HR,Analyst,Remote,Medium,1
602,27.0,28,128989.0,Marketing,Engineer,Hybrid,Low,1
603,47.0,16,114080.0,Marketing,Manager,Office,Low,0
604,47.0,13,107794.0,Engineering,Manager,Office,Medium,0
605,56.0,28,60841.0,Marketing,Analyst,Office,Medium,1
606,55.0,5,154447.0,HR,Consultant,Office,Medium,1
607,46.0,13,,HR,Engineer,Remote,High,1
608,36.0,17,106272.0,HR,Engineer,Remote,Medium,0
609,28.0,18,67643.0,HR,Manager,Hybrid,High,1
610,52.0,8,73950.0,HR,Manager,Remote,Low,1
611,,13,130500.0,Engineering,Consultant,Remote,Low,1
612,32.0,29,189116.0,HR,Consultant,Hybrid,Medium,0
613,47.0,19,155588.0,Engineering,Consultant,Hybrid,Low,1
614,48.0,26,45997.0,HR,Analyst,Hybrid,Low,0
615,32.0,3,109751.0,Sales,Manager,Remote,Low,0
616,54.0,24,128605.0,Sales,Analyst,Remote,Low,1
617,25.0,8,184983.0,Sales,Manager,Hybrid,High,0
618,37.0,2,85533.0,Sales,Manager,Hybrid,High,1
619,24.0,8,112566.0,Engineering,Engineer,Hybrid,Medium,0
620,44.0,27,175643.0,Engineering,Manager,Remote,Medium,0
621,21.0,13,138255.0,Marketing,Manager,Remote,Medium,1
622,29.0,13,88005.0,HR,Analyst,Office,Low,1
623,49.0,1,73541.0,Sales,Manager,Remote,Low,1
624,,6,53387.0,Engineering,Analyst,Remote,High,0
625,,24,123980.0,HR,Consultant,Remote,High,0
626,20.0,19,115457.0,HR,Manager,Hybrid,Medium,1
627,37.0,16,,Engineering,Manager,Remote,High,1
628,51.0,8,94028.0,Sales,Analyst,Hybrid,High,0
629,30.0,28,149246.0,Marketing,Consultant,Office,High,0
630,40.0,1,,HR,Engineer,Office,High,0
631,45.0,27,185930.0,Marketing,Consultant,Hybrid,High,1
632,44.0,27,74638.0,Sales,Analyst,Hybrid,Medium,0
633,41.0,16,50567.0,Sales,Consultant,Hybrid,Medium,1
634,46.0,9,190811.0,Marketing,Analyst,Remote,High,0
635,32.0,13,87804.0,Sales,Analyst,Office,Medium,0
636,52.0,11,138821.0,HR,Engineer,Hybrid,Low,1
637,53.0,13,33754.0,Marketing,Manager,Remote,High,1
638,,25,57044.0,Sales,Analyst,Office,Low,1
639,20.0,21,97260.0,Marketing,Analyst,Remote,Medium,0
640,40.0,10,96912.0,HR,Engineer,Office,Medium,0
641,25.0,4,38706.0,Sales,Analyst,Remote,Low,0
642,47.0,27,38894.0,HR,Manager,Office,Medium,1
643,36.0,6,179109.0,Sales,Engineer,Office,High,0
644,24.0,28,113986.0,Engineering,Manager,Remote,Low,1
645,50.0,7,111942.0,Sales,Manager,Hybrid,High,1
646,24.0,5,59725.0,Marketing,Engineer,Office,Low,1
647,57.0,11,166998.0,Sales,Analyst,Hybrid,Medium,0
648,22.0,13,,HR,Manager,Remote,Low,0
649,42.0,26,39496.0,HR,Manager,Hybrid,Low,1
650,56.0,25,86447.0,Sales,Manager,Hybrid,High,0
651,56.0,19,131604.0,Marketing,Manager,Hybrid,Medium,1
652,29.0,23,190878.0,Engineering,Engineer,Hybrid,High,1
653,29.0,10,118199.0,Marketing,Engineer,Hybrid,Medium,0
654,38.0,10,71321.0,Engineering,Consultant,Office,High,1
655,36.0,11,183728.0,HR,Consultant,Office,Low,1
656,40.0,21,85147.0,Marketing,Manager,Office,High,0
657,33.0,7,121396.0,Engineering,Analyst,Remote,Medium,1
658,28.0,18,68787.0,Sales,Manager,Hybrid,Medium,1
659,,4,51727.0,HR,Analyst,Office,Low,1
660,32.0,2,125081.0,Sales,Manager,Remote,Medium,1
661,23.0,14,,HR,Consultant,Office,High,1
662,20.0,13,98056.0,Marketing,Consultant,Office,Low,1
663,59.0,29,164153.0,Marketing,Analyst,Hybrid,Medium,1
664,,12,195268.0,HR,Manager,Remote,Medium,0
665,53.0,7,,HR,Analyst,Hybrid,High,0
666,47.0,2,,HR,Consultant,Hybrid,High,1
667,50.0,13,186570.0,Marketing,Manager,Office,Low,1
668,27.0,14,106865.0,Engineering,Manager,Hybrid,Medium,0
669,58.0,27,192728.0,Sales,Analyst,Remote,High,0
670,45.0,17,97695.0,Sales,Engineer,Hybrid,Low,0
671,53.0,9,198972.0,Marketing,Analyst,Hybrid,Medium,0
672,22.0,17,147235.0,Sales,Consultant,Hybrid,Medium,0
673,31.0,8,138777.0,HR,Consultant,Office,Low,1
674,20.0,2,49033.0,Engineering,Consultant,Remote,Low,0
675,24.0,28,171877.0,Sales,Consultant,Office,High,0
676,,24,196923.0,Engineering,Consultant,Office,Medium,0
677,49.0,13,,HR,Engineer,Office,Medium,1
678,36.0,3,145725.0,Sales,Manager,Office,Medium,1
679,42.0,16,175016.0,Marketing,Analyst,Office,Low,1
680,34.0,6,49873.0,Engineering,Analyst,Remote,High,1
681,,19,70372.0,HR,Consultant,Hybrid,Medium,1
682,40.0,7,119464.0,Engineering,Analyst,Office,Low,1
683,33.0,10,176451.0,Sales,Consultant,Office,Medium,0
684,21.0,9,147322.0,Sales,Engineer,Remote,High,1
685,30.0,2,197823.0,Marketing,Engineer,Remote,Medium,1
686,58.0,28,130082.0,HR,Manager,Hybrid,High,0
687,57.0,28,35110.0,HR,Engineer,Remote,High,1
688,53.0,15,42087.0,Marketing,Engineer,Hybrid,Medium,0
689,,5,184834.0,Marketing,Manager,Office,Medium,0
690,,29,112617.0,HR,Analyst,Office,High,1
691,,22,130483.0,Engineering,Consultant,Hybrid,Low,0
692,49.0,4,39596.0,Engineering,Consultant,Remote,High,0
693,34.0,20,137539.0,Marketing,Analyst,Hybrid,Medium,0
694,46.0,4,48313.0,Engineering,Manager,Remote,Medium,0
695,53.0,18,143175.0,HR,Analyst,Office,Low,1
696,57.0,4,144914.0,Sales,Engineer,Remote,High,0
697,52.0,27,53705.0,Sales,Manager,Hybrid,High,1
698,43.0,17,103445.0,Engineering,Manager,Hybrid,High,0
699,34.0,12,133892.0,Marketing,Manager,Office,Medium,0
700,49.0,22,32023.0,Marketing,Consultant,Remote,High,0
701,36.0,17,149654.0,Marketing,Analyst,Remote,Low,1
702,,10,110073.0,Marketing,Manager,Remote,Medium,1
703,48.0,22,122197.0,Marketing,Manager,Office,Medium,1
704,23.0,1,94429.0,Engineering,Manager,Remote,High,0
705,,22,134195.0,Sales,Analyst,Hybrid,Low,0
706,36.0,26,63848.0,Sales,Consultant,Remote,Medium,0
707,29.0,24,198876.0,Engineering,Engineer,Office,Medium,0
708,36.0,27,176451.0,Marketing,Consultant,Remote,High,1
709,,18,57766.0,Engineering,Manager,Remote,High,0
710,43.0,18,98099.0,Sales,Consultant,Hybrid,Low,1
711,24.0,14,197132.0,HR,Consultant,Remote,High,0
712,53.0,15,99122.0,Engineering,Engineer,Hybrid,Low,1
713,25.0,29,177159.0,Marketing,Analyst,Hybrid,Medium,1
714,21.0,12,78868.0,Sales,Analyst,Office,Low,0
715,32.0,4,149119.0,Sales,Consultant,Hybrid,Low,0
716,30.0,27,184297.0,Sales,Consultant,Hybrid,Low,1
717,42.0,3,125286.0,Sales,Analyst,Office,Medium,0
718,35.0,20,36643.0,Marketing,Analyst,Hybrid,High,0
719,50.0,29,,HR,Engineer,Office,Medium,1
720,30.0,12,172077.0,Sales,Manager,Remote,High,1
721,,7,139079.0,Engineering,Consultant,Office,Low,1
722,27.0,29,95697.0,HR,Analyst,Hybrid,Low,1
723,23.0,11,46029.0,Sales,Consultant,Office,Low,0
724,59.0,1,175298.0,HR,Consultant,Hybrid,Low,1
725,23.0,6,189803.0,Engineering,Analyst,Remote,Low,1
726,44.0,15,139458.0,Sales,Engineer,Office,High,1
727,22.0,15,140384.0,Engineering,Consultant,Remote,High,0
728,51.0,19,98926.0,Marketing,Engineer,Hybrid,Low,1
729,22.0,11,167069.0,Sales,Analyst,Hybrid,Medium,0
730,,26,85506.0,Sales,Manager,Remote,Medium,1
731,48.0,23,108229.0,Sales,Manager,Office,Low,1
732,51.0,26,72092.0,Sales,Consultant,Office,High,0
733,,2,92539.0,Marketing,Analyst,Hybrid,Medium,1
734,40.0,14,182889.0,Sales,Engineer,Remote,Medium,1
735,24.0,2,198933.0,HR,Consultant,Remote,Medium,0
736,37.0,29,43428.0,Sales,Analyst,Office,Low,1
737,47.0,4,171330.0,Marketing,Analyst,Office,Medium,1
738,41.0,17,87775.0,Sales,Engineer,Office,Medium,1
739,40.0,3,35469.0,HR,Consultant,Remote,Medium,1
740,25.0,13,58854.0,Marketing,Analyst,Office,Medium,0
741,20.0,9,167328.0,Marketing,Analyst,Office,High,1
742,24.0,7,106256.0,HR,Analyst,Hybrid,Low,0
743,31.0,15,195009.0,HR,Engineer,Office,Low,1
744,45.0,23,129134.0,HR,Consultant,Office,High,0
745,,29,162723.0,HR,Consultant,Remote,High,1
746,33.0,29,114730.0,HR,Consultant,Remote,Low,0
747,45.0,11,186123.0,Marketing,Consultant,Hybrid,Medium,1
748,46.0,20,57386.0,Marketing,Manager,Office,Medium,0
749,28.0,2,177256.0,Sales,Manager,Hybrid,Low,0
750,45.0,15,63787.0,Sales,Consultant,Remote,Medium,1
751,,14,51621.0,Engineering,Engineer,Hybrid,High,0
752,49.0,20,107984.0,Sales,Manager,Remote,Medium,1
753,36.0,22,64051.0,Sales,Analyst,Hybrid,Medium,1
754,45.0,11,79811.0,HR,Manager,Hybrid,Medium,1
755,55.0,27,60447.0,HR,Analyst,Office,Low,1
756,20.0,3,158046.0,Sales,Consultant,Hybrid,High,1
757,27.0,17,191326.0,Engineering,Manager,Office,Medium,0
758,54.0,12,,HR,Engineer,Office,Low,1
759,34.0,24,146859.0,Sales,Manager,Office,Medium,1
760,41.0,28,175544.0,Sales,Manager,Office,High,1
761,33.0,29,33471.0,Marketing,Manager,Hybrid,Medium,1
762,45.0,21,150312.0,Engineering,Consultant,Remote,High,1
763,47.0,15,169401.0,Marketing,Engineer,Remote,Medium,1
764,42.0,16,195937.0,Engineering,Manager,Remote,High,0
765,,5,76850.0,HR,Engineer,Hybrid,Medium,0
766,43.0,27,84220.0,Engineering,Consultant,Office,High,1
767,21.0,20,123808.0,Sales,Analyst,Remote,Medium,0
768,45.0,6,,Sales,Manager,Hybrid,Medium,1
769,33.0,19,196597.0,Engineering,Engineer,Office,Low,1
770,26.0,25,83072.0,Engineering,Engineer,Remote,Low,1
771,22.0,5,113820.0,Engineering,Consultant,Office,High,1
772,,3,53284.0,Marketing,Manager,Remote,Medium,1
773,37.0,27,113369.0,Engineering,Analyst,Remote,High,0
774,57.0,1,55122.0,HR,Engineer,Remote,Low,0
775,54.0,26,160349.0,Marketing,Manager,Office,High,0
776,34.0,28,100553.0,Marketing,Analyst,Hybrid,High,0
777,44.0,6,,Engineering,Engineer,Office,Low,1
778,56.0,15,92812.0,HR,Engineer,Remote,Medium,0
779,47.0,2,37999.0,Marketing,Analyst,Office,High,1
780,29.0,29,52436.0,Sales,Analyst,Hybrid,Low,0
781,58.0,3,72963.0,Marketing,Consultant,Office,Medium,0
782,36.0,17,163168.0,Engineering,Manager,Hybrid,Low,0
783,58.0,25,,HR,Manager,Hybrid,High,0
784,41.0,24,138899.0,Engineering,Consultant,Office,Medium,1
785,45.0,12,56201.0,Sales,Engineer,Remote,Medium,0
786,44.0,18,180787.0,Sales,Analyst,Hybrid,Low,0
787,36.0,15,190381.0,Sales,Analyst,Office,Low,1
788,32.0,12,176150.0,Engineering,Analyst,Hybrid,Low,1
789,39.0,16,35105.0,Marketing,Engineer,Remote,Medium,0
790,44.0,27,147666.0,Engineering,Analyst,Office,Medium,1
791,23.0,8,124848.0,HR,Analyst,Office,High,1
792,29.0,28,,Marketing,Consultant,Office,Medium,1
793,22.0,14,98920.0,Sales,Engineer,Remote,High,0
794,37.0,25,73619.0,Engineering,Manager,Hybrid,Low,1
795,55.0,17,72821.0,Sales,Consultant,Office,Low,0
796,41.0,29,155736.0,Sales,Consultant,Hybrid,Medium,0
797,53.0,21,174565.0,HR,Manager,Hybrid,Low,0
798,27.0,8,47069.0,Marketing,Consultant,Remote,Low,0
799,59.0,15,37531.0,HR,Engineer,Office,Medium,1
800,38.0,27,198123.0,HR,Analyst,Hybrid,High,0
801,56.0,14,,HR,Engineer,Office,Medium,1
802,25.0,18,,Sales,Manager,Office,High,0
803,45.0,20,,HR,Manager,Remote,Medium,1
804,53.0,7,175047.0,HR,Consultant,Office,Medium,0
805,25.0,3,92424.0,Marketing,Engineer,Office,Low,1
806,56.0,29,75603.0,Marketing,Engineer,Hybrid,Medium,0
807,52.0,12,184324.0,HR,Manager,Remote,Medium,0
808,41.0,21,162503.0,Marketing,Engineer,Office,High,1
809,40.0,24,198553.0,Marketing,Manager,Hybrid,Low,0
810,25.0,28,122573.0,HR,Engineer,Remote,High,0
811,25.0,26,170629.0,Sales,Engineer,Remote,High,0
812,23.0,3,133302.0,HR,Engineer,Hybrid,Low,1
813,49.0,20,161234.0,Marketing,Manager,Hybrid,Low,0
814,30.0,14,195814.0,Sales,Consultant,Hybrid,Low,0
815,49.0,15,49675.0,Engineering,Engineer,Hybrid,Medium,1
816,50.0,25,103997.0,Sales,Manager,Hybrid,Low,1
817,43.0,14,178087.0,Marketing,Manager,Office,Low,1
818,28.0,7,193663.0,Sales,Engineer,Office,Low,1
819,22.0,17,170905.0,HR,Engineer,Remote,High,1
820,50.0,12,37896.0,Engineering,Consultant,Office,High,0
821,59.0,20,194044.0,Engineering,Manager,Office,Medium,0
822,,4,79733.0,Engineering,Manager,Office,High,0
823,,9,71800.0,Marketing,Analyst,Hybrid,Medium,1
824,43.0,6,126044.0,Marketing,Manager,Remote,High,0
825,50.0,16,35347.0,Engineering,Consultant,Remote,Low,1
826,25.0,25,163715.0,Sales,Analyst,Remote,High,1
827,21.0,28,70785.0,Engineering,Analyst,Remote,Medium,0
828,,22,48681.0,Sales,Analyst,Office,High,1
829,47.0,22,,Sales,Engineer,Office,Low,1
830,30.0,21,176964.0,Marketing,Engineer,Hybrid,Medium,0
831,23.0,21,77299.0,Sales,Manager,Remote,Low,1
832,34.0,2,47073.0,Engineering,Analyst,Office,Low,1
833,25.0,24,132304.0,Marketing,Consultant,Office,Medium,0
834,49.0,8,,HR,Engineer,Hybrid,Low,1
835,57.0,11,154302.0,HR,Consultant,Hybrid,Low,1
836,,13,,Marketing,Consultant,Hybrid,High,0
837,34.0,17,145359.0,Engineering,Engineer,Office,Low,0
838,30.0,8,168999.0,HR,Engineer,Office,Low,0
839,27.0,21,96707.0,HR,Engineer,Hybrid,Low,0
840,45.0,18,95428.0,Sales,Engineer,Remote,Low,1
841,24.0,18,80601.0,Sales,Analyst,Hybrid,Medium,1
842,25.0,14,163611.0,Engineering,Analyst,Hybrid,High,0
843,45.0,15,141487.0,Marketing,Analyst,Hybrid,Low,1
844,23.0,6,183741.0,Engineering,Analyst,Hybrid,Low,1
845,38.0,11,181716.0,Marketing,Manager,Office,Medium,0
846,39.0,13,179817.0,HR,Analyst,Remote,Low,0
847,,25,58228.0,Sales,Engineer,Hybrid,Medium,1
848,39.0,1,195593.0,Engineering,Consultant,Remote,High,0
849,31.0,28,152788.0,Engineering,Analyst,Remote,High,0
850,20.0,6,,Marketing,Manager,Remote,Low,0
851,45.0,9,56928.0,Marketing,Engineer,Hybrid,Low,1
852,33.0,8,48322.0,Engineering,Consultant,Office,Low,0
853,57.0,11,117896.0,Marketing,Consultant,Hybrid,Medium,1
854,56.0,22,,Engineering,Analyst,Remote,Low,1
855,30.0,19,,Engineering,Consultant,Remote,Low,1
856,55.0,24,72891.0,Engineering,Analyst,Office,High,0
857,,9,111912.0,HR,Analyst,Hybrid,Low,0
858,22.0,17,167660.0,Marketing,Engineer,Remote,High,0
859,52.0,12,120536.0,Sales,Engineer,Office,Low,0
860,,25,,Sales,Manager,Remote,High,0
861,29.0,14,37345.0,Marketing,Engineer,Office,Low,1
862,24.0,15,190372.0,Engineering,Engineer,Office,High,1
863,42.0,16,185331.0,Sales,Analyst,Hybrid,Medium,1
864,29.0,22,121006.0,Sales,Engineer,Remote,High,0
865,21.0,22,176424.0,Marketing,Analyst,Hybrid,High,1
866,32.0,28,159350.0,Sales,Analyst,Remote,High,1
867,59.0,20,194437.0,Engineering,Engineer,Hybrid,Low,0
868,21.0,1,49446.0,Marketing,Manager,Remote,Low,0
869,39.0,10,32336.0,Engineering,Manager,Hybrid,Low,1
870,20.0,8,92032.0,Sales,Consultant,Office,Medium,1
871,56.0,18,,Sales,Consultant,Remote,Medium,0
872,28.0,28,168593.0,Engineering,Engineer,Remote,High,0
873,36.0,1,184553.0,HR,Manager,Office,Medium,0
874,28.0,2,48474.0,Sales,Analyst,Hybrid,High,0
875,30.0,1,85718.0,HR,Consultant,Remote,High,1
876,,1,74629.0,Sales,Analyst,Remote,High,1
877,43.0,9,75232.0,HR,Consultant,Hybrid,Medium,0
878,57.0,13,116544.0,HR,Engineer,Office,Low,1
879,54.0,1,80669.0,HR,Manager,Hybrid,Medium,1
880,49.0,13,99184.0,Engineering,Consultant,Hybrid,High,0
881,50.0,20,43140.0,HR,Manager,Hybrid,High,1
882,24.0,26,156468.0,HR,Analyst,Remote,Medium,1
883,33.0,22,113457.0,HR,Engineer,Office,High,1
884,,7,44357.0,Sales,Manager,Office,High,0
885,28.0,2,141672.0,HR,Engineer,Hybrid,Medium,0
886,53.0,6,98673.0,Sales,Manager,Remote,Medium,1
887,31.0,7,151673.0,HR,Analyst,Hybrid,Medium,0
888,,26,95633.0,HR,Analyst,Remote,High,0
889,54.0,14,126111.0,Engineering,Engineer,Remote,High,0
890,,26,,Sales,Analyst,Remote,Low,1
891,59.0,18,173996.0,HR,Consultant,Remote,Low,1
892,41.0,15,,Sales,Manager,Office,Medium,0
893,48.0,2,123269.0,Sales,Analyst,Remote,Low,1
894,27.0,10,104071.0,Marketing,Consultant,Remote,High,1
895,30.0,23,60651.0,Engineering,Engineer,Hybrid,Low,1
896,,12,100202.0,Engineering,Consultant,Hybrid,High,1
897,33.0,17,78777.0,Engineering,Engineer,Office,Medium,1
898,,8,178066.0,Marketing,Engineer,Hybrid,Medium,0
899,54.0,11,97263.0,Marketing,Manager,Remote,High,1
900,40.0,29,130158.0,Engineering,Manager,Hybrid,Low,1
901,56.0,3,,Marketing,Consultant,Office,Medium,1
902,24.0,27,67823.0,Marketing,Manager,Hybrid,Medium,0
903,38.0,6,93878.0,Marketing,Manager,Hybrid,Low,0
904,33.0,9,48708.0,Engineering,Manager,Office,Low,0
905,45.0,6,173891.0,Engineering,Consultant,Office,High,1
906,23.0,9,,Engineering,Analyst,Remote,Low,0
907,44.0,7,39283.0,Marketing,Manager,Hybrid,Low,0
908,44.0,9,191645.0,Engineering,Manager,Remote,Low,0
909,,18,108707.0,Marketing,Consultant,Hybrid,High,0
910,59.0,12,192005.0,HR,Analyst,Hybrid,High,1
911,27.0,8,35774.0,Marketing,Manager,Remote,Medium,0
912,58.0,8,172055.0,Sales,Engineer,Hybrid,High,0
913,59.0,18,126468.0,Engineering,Consultant,Hybrid,Medium,1
914,33.0,28,126334.0,Engineering,Manager,Hybrid,Low,1
915,51.0,20,48133.0,Sales,Manager,Office,Medium,0
916,,15,176011.0,Marketing,Engineer,Remote,Medium,1
917,52.0,27,30781.0,HR,Engineer,Office,Low,0
918,42.0,7,144586.0,Sales,Consultant,Remote,Medium,1
919,34.0,11,57624.0,Sales,Consultant,Remote,High,1
920,52.0,20,36823.0,Marketing,Engineer,Hybrid,High,0
921,44.0,16,48489.0,Engineering,Consultant,Remote,High,1
922,36.0,4,59118.0,Marketing,Engineer,Office,High,0
923,52.0,6,130417.0,Sales,Manager,Office,Medium,1
924,21.0,26,111816.0,Sales,Engineer,Office,Medium,0
925,33.0,22,183335.0,Engineering,Engineer,Remote,Low,1
926,59.0,26,43565.0,Engineering,Analyst,Office,Medium,1
927,59.0,3,181426.0,Engineering,Engineer,Remote,Medium,1
928,58.0,9,121179.0,Marketing,Engineer,Office,Medium,1
929,25.0,28,53648.0,Engineering,Analyst,Office,Low,1
930,25.0,10,71971.0,Sales,Consultant,Remote,High,0
931,22.0,14,48658.0,Sales,Analyst,Office,Medium,1
932,26.0,11,51253.0,HR,Manager,Hybrid,Low,0
933,27.0,18,187462.0,Marketing,Analyst,Remote,Low,0
934,,22,118664.0,HR,Manager,Remote,Low,0
935,48.0,12,,Sales,Consultant,Remote,High,1
936,52.0,23,193730.0,HR,Analyst,Hybrid,Medium,0
937,49.0,12,167924.0,Sales,Analyst,Remote,Low,1
938,58.0,13,163623.0,HR,Consultant,Office,High,0
939,46.0,25,101947.0,Engineering,Manager,Office,Low,0
940,,13,91001.0,HR,Analyst,Office,Low,0
941,48.0,19,152775.0,Engineering,Manager,Remote,Low,0
942,,26,63243.0,Engineering,Analyst,Office,Low,0
943,52.0,19,182872.0,Marketing,Engineer,Remote,Low,1
944,56.0,23,105939.0,Engineering,Analyst,Office,High,0
945,46.0,14,87828.0,Engineering,Consultant,Hybrid,Medium,0
946,,4,168311.0,HR,Consultant,Hybrid,Medium,1
947,23.0,13,36710.0,Sales,Manager,Hybrid,Medium,1
948,41.0,8,182456.0,Marketing,Analyst,Hybrid,Medium,1
949,21.0,29,182110.0,Engineering,Manager,Remote,High,0
950,29.0,23,67991.0,Marketing,Manager,Office,High,0
951,24.0,21,,HR,Engineer,Hybrid,High,0
952,29.0,23,190211.0,Engineering,Engineer,Remote,Low,0
953,52.0,19,115445.0,HR,Consultant,Hybrid,Low,0
954,57.0,12,,Marketing,Manager,Hybrid,Low,0
955,,18,67711.0,HR,Consultant,Remote,Medium,1
956,50.0,6,36530.0,Marketing,Analyst,Remote,Low,1
957,55.0,18,41116.0,HR,Manager,Office,Medium,0
958,43.0,19,95794.0,Marketing,Manager,Office,Low,0
959,34.0,22,161354.0,Sales,Analyst,Hybrid,Medium,0
960,48.0,5,162970.0,HR,Analyst,Hybrid,Low,0
961,27.0,24,34135.0,HR,Consultant,Office,Low,0
962,24.0,9,167701.0,Sales,Consultant,Office,High,1
963,48.0,27,,Sales,Analyst,Remote,Low,1
964,23.0,3,155147.0,HR,Consultant,Office,Low,0
965,,28,119087.0,Sales,Analyst,Office,High,1
966,21.0,10,63380.0,Engineering,Manager,Hybrid,Medium,0
967,46.0,19,159951.0,Marketing,Manager,Office,High,0
968,50.0,3,,Marketing,Engineer,Hybrid,High,0
969,55.0,29,50074.0,Marketing,Manager,Office,Medium,1
970,55.0,29,,Engineering,Analyst,Remote,Low,1
971,45.0,22,69901.0,Sales,Consultant,Office,Medium,0
972,46.0,15,41205.0,Sales,Engineer,Office,Low,1
973,24.0,1,154661.0,HR,Consultant,Office,Low,1
974,39.0,7,35906.0,Sales,Analyst,Hybrid,Medium,0
975,30.0,12,163663.0,HR,Manager,Remote,High,1
976,29.0,17,,Engineering,Engineer,Office,Medium,1
977,,21,,Marketing,Analyst,Hybrid,Low,0
978,57.0,26,110685.0,Marketing,Engineer,Remote,Medium,0
979,25.0,29,140454.0,Marketing,Engineer,Hybrid,Medium,1
980,27.0,24,135487.0,Sales,Manager,Hybrid,Low,0
981,,20,,HR,Analyst,Remote,High,1
982,45.0,5,,HR,Consultant,Office,Medium,0
983,31.0,4,61852.0,Engineering,Engineer,Hybrid,Low,0
984,45.0,28,82756.0,Sales,Engineer,Hybrid,Low,0
985,32.0,12,145357.0,Engineering,Consultant,Office,Medium,0
986,59.0,20,149052.0,HR,Analyst,Office,High,1
987,37.0,28,86481.0,HR,Engineer,Remote,Medium,0
988,44.0,24,31283.0,Marketing,Engineer,Remote,High,0
989,52.0,18,,Sales,Engineer,Remote,High,0
990,59.0,17,162197.0,HR,Analyst,Office,High,1
991,31.0,19,,Marketing,Analyst,Hybrid,High,1
992,55.0,9,38438.0,Sales,Consultant,Hybrid,Medium,0
993,23.0,4,50095.0,Engineering,Analyst,Remote,Low,0
994,24.0,26,177226.0,Sales,Analyst,Office,Low,0
995,56.0,21,169076.0,Sales,Manager,Hybrid,Low,0
996,27.0,2,39752.0,HR,Consultant,Remote,Low,0
997,47.0,4,85426.0,HR,Engineer,Hybrid,Low,0
998,50.0,2,,Sales,Analyst,Hybrid,Low,1
999,28.0,15,122051.0,HR,Engineer,Office,Medium,0
1000,48.0,2,185289.0,HR,Engineer,Office,High,0
522,31.0,21,157734.0,Sales,Manager,Remote,Low,1
738,41.0,17,87775.0,Sales,Engineer,Office,Medium,1
741,20.0,9,167328.0,Marketing,Analyst,Office,High,1
661,23.0,14,,HR,Consultant,Office,High,1
412,42.0,7,196370.0,Marketing,Engineer,Remote,Low,0
679,42.0,16,175016.0,Marketing,Analyst,Office,Low,1
627,37.0,16,,Engineering,Manager,Remote,High,1
514,33.0,7,134576.0,Sales,Consultant,Remote,Low,1
860,,25,,Sales,Manager,Remote,High,0
137,51.0,27,188280.0,Marketing,Analyst,Remote,Medium,1
812,23.0,3,133302.0,HR,Engineer,Hybrid,Low,1
77,34.0,22,63997.0,Marketing,Consultant,Office,Low,1
637,53.0,13,33754.0,Marketing,Manager,Remote,High,1
974,39.0,7,35906.0,Sales,Analyst,Hybrid,Medium,0
939,46.0,25,101947.0,Engineering,Manager,Office,Low,0
900,40.0,29,130158.0,Engineering,Manager,Hybrid,Low,1
281,46.0,19,95108.0,Sales,Engineer,Hybrid,High,1
884,,7,44357.0,Sales,Manager,Office,High,0
762,45.0,21,150312.0,Engineering,Consultant,Remote,High,1
320,21.0,9,104069.0,HR,Analyst,Remote,Medium,1
550,46.0,10,94027.0,HR,Consultant,Hybrid,Medium,1
175,21.0,29,52612.0,Engineering,Consultant,Office,High,1
372,45.0,25,68067.0,HR,Analyst,Hybrid,Medium,0
528,32.0,2,86492.0,Sales,Analyst,Office,High,1
211,39.0,14,197450.0,Engineering,Analyst,Office,Medium,1
236,28.0,5,101031.0,Engineering,Analyst,Office,Low,0
102,43.0,18,165542.0,HR,Engineer,Hybrid,Medium,0
987,37.0,28,86481.0,HR,Engineer,Remote,Medium,0
903,38.0,6,93878.0,Marketing,Manager,Hybrid,Low,0
948,41.0,8,182456.0,Marketing,Analyst,Hybrid,Medium,1
347,42.0,5,78231.0,Sales,Consultant,Office,High,1
140,47.0,22,144044.0,Engineering,Manager,Hybrid,High,0
622,29.0,13,88005.0,HR,Analyst,Office,Low,1
500,33.0,5,51223.0,Marketing,Analyst,Remote,Medium,0
371,47.0,8,157810.0,HR,Engineer,Hybrid,Low,1
199,52.0,21,86088.0,Engineering,Manager,Hybrid,Medium,1
688,53.0,15,42087.0,Marketing,Engineer,Hybrid,Medium,0
585,22.0,25,125457.0,HR,Consultant,Remote,Low,1
902,24.0,27,67823.0,Marketing,Manager,Hybrid,Medium,0
60,53.0,1,109671.0,Sales,Manager,Office,Low,1
329,54.0,25,72828.0,HR,Analyst,Office,Medium,1
97,27.0,18,134061.0,Engineering,Consultant,Office,Low,0
313,,20,165327.0,Marketing,Manager,Hybrid,Medium,0
975,30.0,12,163663.0,HR,Manager,Remote,High,1
300,48.0,15,175282.0,Engineering,Consultant,Hybrid,Medium,0
278,57.0,22,47727.0,Marketing,Engineer,Hybrid,Low,1
925,33.0,22,183335.0,Engineering,Engineer,Remote,Low,1
602,27.0,28,128989.0,Marketing,Engineer,Hybrid,Low,1
440,20.0,16,74936.0,HR,Analyst,Hybrid,High,1
838,30.0,8,168999.0,HR,Engineer,Office,Low,0
